"Identifiant";"Statut OSINT";"Priorité";"Prochaine action";"Critère exact de la grille";"Dimensions à vérifier";"Section attendue";"Existant constaté";"Preuve localisée et nature";"Écart à traiter";"Source de certification";"Cours et méthodes";"Amélioration facultative";"Modalité"
"B2-1.1";"Testé";"P1";"Expliquer besoins, flux entre le programme développé dans le bloc 3 et B2 et distinction collecte/inférence.";"1.1 - L'architecture proposée par le candidat correspond-elle aux exigences spécifiques du projet fictif (par exemple, capacité de stockage, vitesse de traitement, types de données à gérer, etc.) ?";"Stockage, traitement et types de données exigés";"Cahier des charges et architecture";"Corpus initial 21 676 articles ; raccordement de 5 nouveaux, soit 21 681. Collecte par rubrique/dates, export figé et import SQL/Mongo/ES ; cadence cible proposée.";"Plan p. 2, 5, 18 ; Preuves/Contrat_collecte_TASS.json ; Preuves/Raccordement_Observatoire.json";"Petit lot local ; ni exhaustivité TASS, ni performances du parcours complet garanties.";"S01 / Bloc 2!A6";"C02 p. 4-12";"";"Livrable"
"B2-1.2";"Testé";"P1";"Conserver les migrations et tester une autre source seulement si retenue.";"1.2 - L'architecture proposée par le candidat est-elle suffisamment flexible pour s'adapter à des changements potentiels dans les besoins du projet (par exemple, augmentation du volume de données, nouvelles types de données, etc.) ?
";"Adaptation aux changements de besoins et de données";"Évolutivité";"Migration additive des révisions SQL/Mongo ; provenance et champs JSON variables ; même identifiant et contrat versionné ; rejeu sans doublon testé.";"Plan p. 3, 4 ; sql/02_revisions.sql ; docs/sql_schema.dbml ; docs/nosql_schema.json ; Preuves/Revisions_collecte_TASS.json";"Deuxième source complète et changement de version de schéma non démontrés.";"S01 / Bloc 2!A7";"C02 p. 4-12";"";"Livrable"
"B2-1.3";"Testé";"P1";"Mesurer le parcours complet si un engagement de délai est demandé.";"1.3 - L'architecture proposée par le candidat est-elle en mesure de gérer efficacement le volume, la variété et la vélocité des données prévues dans le projet fictif ?";"Volume, variété et vélocité";"Dimensionnement";"21 681 articles au raccordement ; variété SQL/JSON/texte, versions et provenance. Débits et ressources des trois volumes synthétiques restent rattachés à leur version mesurée.";"Plan p. 2, 10, 11, 18 ; Preuves/benchmarks.json ; Preuves/Contrat_collecte_TASS.json ; Preuves/Environnement_et_version.json";"Pas de charge multiutilisateur ni de mesure représentative du parcours scraping et révisions.";"S01 / Bloc 2!A8";"C02 p. 4-12";"";"Livrable"
"B2-1.4";"Testé";"P1";"Organiser une sauvegarde cohérente du catalogue SQLite et une copie hors machine.";"1.4 - L'architecture proposée par le candidat est-elle conçue de manière à assurer la fiabilité et la disponibilité des données (par exemple, redondance des données, sauvegardes, etc.) ?";"Fiabilité et disponibilité";"Fiabilité et disponibilité";"Persistance et lecture de secours ; restauration B2 isolée de 21 681 articles par moteur. Réapplication des corrections et suppressions testée sur un jeu de test.";"Plan p. 12, 13, 17 ; Preuves/Collecte_TASS/restore.json ; Preuves/Collecte_TASS/Droits_B3_B2.json ; docs/Collecte_stockages_securite.md";"Même hôte ; copie hors machine absente. Le catalogue SQLite et ses exports ne sont pas inclus dans le dump B2.";"S01 / Bloc 2!A9";"C02 p. 4-12";"";"Livrable"
"B2-1.5";"Implémenté";"P1";"Chiffrer stockage et ressources pour la prochaine volumétrie, puis mesurer.";"1.5 - L'architecture proposée par le candidat est-elle capable de gérer une augmentation future du volume de données ou des besoins de traitement ?";"Augmentation future du stockage et du calcul";"Évolution de capacité";"Limites par service documentées ; augmentation vérifiée jusqu’à 6 millions par moteur.";"02_Bloc_2_Architecture/ : Plan p. 11, 15 ; docker-compose.yml ; Preuves/benchmarks.json";"Aucune preuve au-delà de 6 millions ; montée horizontale et coûts non chiffrés.";"S01 / Bloc 2!A10";"C02 p. 4-12";"";"Livrable"
"B2-2.1";"Testé";"P1";"Mesurer une charge représentative après changement de besoin.";"2.1 - L'architecture conçue par le candidat est-elle en mesure de gérer le volume de données attendu dans le cadre du projet fictif sans perturber les performances?";"Volume attendu et maintien des performances";"Essais de charge";"60 000, 600 000 et 6 000 000 écritures synthétiques SQL/Mongo sur la version mesurée. Raccordement web démontré séparément sur un lot de 5.";"Plan p. 11, 18 ; Preuves/benchmarks.json ; Preuves/Environnement_et_version.json ; Preuves/Raccordement_Observatoire.json";"Les débits ne couvrent pas le scraper, les archives de révisions, le NER ou Elasticsearch à ces tailles.";"S01 / Bloc 2!A11";"C02 p. 14-20, 22";"Choix possible : jeu synthétique identifié pour la charge, séparé du corpus réel.";"Livrable"
"B2-2.2";"Testé";"P1";"Chronométrer le parcours complet sur des textes représentatifs si nécessaire.";"2.2 - L'architecture conçue par le candidat peut-elle traiter les données à la vitesse à laquelle elles sont générées et/ou requises par le projet fictif ?";"Vitesse de traitement face à la cadence attendue";"Débit et délai";"Débit d’ingestion synthétique mesuré ; import réel d’un export figé depuis le suivi du programme développé dans le bloc 3. Cible 1 000 articles/jour en 15 minutes explicitement proposée.";"Plan p. 2, 11, 18 ; Preuves/benchmarks.json ; Preuves/Raccordement_Observatoire.json";"Vidéo de raccordement distincte d’un benchmark ; pas de garantie de délai réseau, de flux continu ou de NER.";"S01 / Bloc 2!A12";"C02 p. 14-20, 22";"";"Livrable"
"B2-2.3";"Testé";"P1";"Garder contrats, empreintes et offsets cohérents à chaque évolution.";"2.3 - L'architecture conçue par le candidat est-elle capable de gérer les différents types de données (structurées, non-structurées, semi-structurées) attendues dans le cadre du projet fictif ?";"Données structurées, semi structurées et non structurées";"Schémas SQL/NoSQL et index";"Métadonnées SQL, texte et JSON chiffrés Mongo, provenance du programme développé dans le bloc 3, archives SQL/Mongo et dates inclusives UTC. Identifiants, textes, hashes et offsets des 5 articles rapprochés.";"Plan p. 3, 4, 18 ; docs/sql_schema.dbml ; docs/nosql_schema.json ; Preuves/Revisions_collecte_TASS.json ; Preuves/Contrat_collecte_TASS.json";"API temporelle limitée à 1 000 métadonnées sans pagination. Version de schéma distincte de révision du contenu.";"S01 / Bloc 2!A13";"C02 p. 14-20, 22";"";"Livrable"
"B2-2.4";"Testé";"P1";"Tester les nouvelles fonctions du programme développé dans le bloc 3 de secours et la restauration globale selon besoin.";"2.4 - L'architecture conçue par le candidat comprend-elle des mécanismes pour assurer la continuité des opérations en cas de défaillance d'un ou de plusieurs de ses composants (par exemple, réplication des données, système de basculement, etc.) ?";"Continuité lors de défaillances de composants";"Continuité de service";"Lecture B2 sur dernier index lors d’une panne SQL/Mongo ; reprise d’ingestion. Miroir SQLite du programme développé dans le bloc 3 de lecture seule et restauration explicite implémentés.";"Plan p. 12, 17 ; Preuves/continuity.json ; docs/Collecte_stockages_securite.md";"Continuité de lecture seulement ; miroir du programme développé dans le bloc 3 sur le même Mac, aucun basculement multi-hôte. Implémentation du miroir distincte de preuve de recette.";"S01 / Bloc 2!A14";"C02 p. 14-20, 22";"";"Livrable"
"B2-2.5";"Implémenté";"P1";"Compléter protection des copies, gestion des clés et durcissement selon la matrice ANSSI.";"2.5 - L'architecture conçue par le candidat respecte-t-elle les principes de sécurité des données (par exemple, chiffrement des données en repos et en transit, gestion des accès, etc.) ?";"Protection au repos et en transit, contrôle des accès";"Sécurité de l’infrastructure";"TLS et rôles ; textes et sauvegardes B2 AES-GCM. Volume AES-256 du programme développé dans le bloc 3 activé et migration physique vérifiée.";"Plan p. 7, 17, 19, 20 ; Preuves/Integration_collecte_TASS.json ; Preuves/Collecte_TASS/Volume_chiffre.json ; docs/Correspondance_ANSSI_Bloc2.md";"Protection au repos partielle : métadonnées B2 et copies externes distinctes du volume. Pas de comptes personnels ni rotation centralisée des clés.";"S01 / Bloc 2!A15";"C02 p. 14-20, 22";"";"Livrable"
"B2-3.1";"Implémenté";"P1";"Appliquer décisions B1 aux copies et conserver preuves par système.";"3.1 - L'architecture proposée par le candidat permet-elle une gestion conforme des données personnelles conformément au Règlement Général sur la Protection des Données (RGPD) ?";"Gestion conforme des données personnelles";"Architecture et données personnelles";"Accès, rectification, effacement et exclusions ; versions et exports gérés inclus dans la cartographie, durées reliées à la gouvernance B1.";"Plan p. 13, 17 ; Preuves/Collecte_TASS/Droits_B3_B2.json ; docs/Collecte_stockages_securite.md";"Fixtures techniques ; aucune conformité juridique globale. Purge planifiée, copies externes, annotations et modèle non entièrement couverts.";"S01 / Bloc 2!A16";"C02 p. 16 ; exigences complémentaires de S01";"";"Livrable"
"B2-3.2";"Implémenté";"P1";"Traiter les écarts de durcissement et conserver une revue datée après modification.";"3.2 - L'architecture respecte-t-elle les normes de sécurité applicables, comme l'ISO 27001 ou les recommandations de l'ANSSI ?";"Normes et recommandations de sécurité applicables";"Référentiel de sécurité";"Rapprochement ANSSI Docker R1 à R16, mesures d’hygiène et sauvegarde : configurations localisées, preuves datées, écarts explicites. Référence ISO de gouvernance distincte d’une certification.";"Plan p. 7, 19, 20 ; docs/Correspondance_ANSSI_Bloc2.md ; docker-compose.yml ; Preuves/integration.json ; Preuves/application_permissions.json ; Preuves/Collecte_TASS/Volume_chiffre.json ; Preuves/Collecte_TASS/Droits_B3_B2.json";"Correspondance documentaire réalisée. Application partielle : privilèges/capabilities, quotas CPU/disque, journaux distants, sauvegarde hors ligne et gestion des clés à approfondir. Aucun audit complet ni certification ISO.";"S01 / Bloc 2!A17";"C02 p. 16 ; exigences complémentaires de S01";"";"Livrable"
"B2-3.3";"Implémenté";"P1";"Inventorier les copies externes et compléter la protection des métadonnées B2.";"3.3 - L'architecture garantit-elle la confidentialité des données en mettant en œuvre des mesures telles que le chiffrement, la gestion des droits d'accès, etc. ?";"Confidentialité et droits d’accès";"Confidentialité";"Refus API non authentifié ; rôles séparés ; textes AES-GCM. Volume AES-256 du programme développé dans le bloc 3 et migration physique vérifiés ; Host/CSRF locaux.";"Plan p. 7, 17, 19, 20 ; Preuves/Integration_collecte_TASS.json ; Preuves/Collecte_TASS/Acces_local.json ; Preuves/Collecte_TASS/Volume_chiffre.json ; docs/Correspondance_ANSSI_Bloc2.md";"Pas de comptes personnels ; métadonnées B2 et copies externes non intégralement chiffrées. Un volume monté permet la lecture par le processus autorisé.";"S01 / Bloc 2!A18";"C02 p. 16 ; exigences complémentaires de S01";"";"Livrable"
"B2-3.4";"Non applicable justifié";"P1";"Réexaminer si le secteur, l’organisation ou la finalité du cas change.";"3.4 - Dans le cas d'une application dans un secteur réglementé (comme la santé ou la finance), l'architecture respecte-t-elle les obligations légales spécifiques à ce secteur (par exemple, le respect du secret médical, des obligations de reporting financier, etc.) ?";"Obligations propres au secteur si applicable";"Contraintes sectorielles";"Veille documentaire OSINT ; aucune application santé ou finance retenue.";"02_Bloc_2_Architecture/ : Plan p. 15 ; ../00_Pilotage/Cadrage_OSINT.md";"La non-applicabilité sectorielle ne dispense pas du RGPD ni des règles de sécurité.";"S01 / Bloc 2!A19";"C02 p. 16 ; exigences complémentaires de S01";"";"Livrable"
"B2-3.5";"Testé";"P1";"Conserver les registres de droits et vérifier les copies externes à chaque opération.";"3.5 - L'architecture conçue par le candidat prévoit-elle des mécanismes pour répondre aux demandes de droit d'accès et de suppression des données des personnes concernées ?";"Mécanismes de droit d’accès et suppression";"Exercice des droits";"Rectification et effacement SQL/Mongo/index, purge des versions et exclusion du réimport. Restauration B2 réappliquant correction puis suppression testée sur un jeu de test isolé.";"Plan p. 13, 17, 20 ; Preuves/Revisions_collecte_TASS.json ; Preuves/Collecte_TASS/Droits_B3_B2.json ; Preuves/Collecte_TASS/restore.json";"Pas de demande réelle traitée, de moteur par personne, de purge distante automatique ou de désapprentissage. Les essais n’attestent pas une reprise après perte du Mac.";"S01 / Bloc 2!A20";"C02 p. 16 ; exigences complémentaires de S01";"";"Livrable"
"B2-4.1";"Prévu";"P1";"Répéter avec ses propres mots et réduire le jargon.";"4.1 - Le candidat présente-t-il ses idées de manière claire et concise ? Utilise-t-il un langage approprié pour son auditoire ?";"Clarté, concision et langage adapté";"Oral : clarté";"Trame concise expliquant besoin, bases et index.";"02_Bloc_2_Architecture/ : Preparation_orale_Bloc2.md ; Plan p. 16";"Aucune prestation ou répétition humaine observée.";"S01 / Bloc 2!A21";"C02 p. 23 ; S02 oral 5 min";"";"Oral"
"B2-4.2";"Prévu";"P1";"Vérifier les transitions lors d’une répétition.";"4.2 - La présentation du candidat suit-elle une structure logique et cohérente ? Les points principaux sont-ils clairement identifiés et bien expliqués ?";"Structure logique et points clés";"Oral : structure";"Plan besoin, stockages, sécurité, mesures, panne et limites.";"02_Bloc_2_Architecture/ : Preparation_orale_Bloc2.md ; Plan p. 16";"Aucune prestation ou répétition humaine observée.";"S01 / Bloc 2!A22";"C02 p. 23 ; S02 oral 5 min";"";"Oral"
"B2-4.3";"Prévu";"P1";"Raconter le parcours et solliciter brièvement l’attention du jury.";"4.3 - Le candidat utilise-t-il des techniques pour engager l'auditoire, comme poser des questions, partager des anecdotes pertinentes ou utiliser des supports visuels ?";"Engagement de l’auditoire";"Oral : engagement";"Parcours d’un article réel et démonstration de panne préparés.";"02_Bloc_2_Architecture/ : Preparation_orale_Bloc2.md ; Plan p. 16";"Aucune prestation ou répétition humaine observée.";"S01 / Bloc 2!A23";"C02 p. 23 ; S02 oral 5 min";"";"Oral"
"B2-4.4";"Prévu";"P1";"S’exercer à répondre sans inventer une garantie de production.";"4.4 - Le candidat répond-il de manière précise et informative aux questions posées par le jury ?";"Réponses précises et informatives";"Oral : questions";"Cinq questions et éléments de réponse reliés aux preuves.";"02_Bloc_2_Architecture/ : Preparation_orale_Bloc2.md ; Plan p. 16";"Aucune prestation ou répétition humaine observée.";"S01 / Bloc 2!A24";"C02 p. 23 ; S02 oral 5 min";"";"Oral"
"B2-4.5";"Prévu";"P1";"Observer cette posture en répétition puis pendant l’oral.";"4.5 - Le candidat interagit de manière respectueuse et professionnelle avec le jury, en faisant preuve d'écoute et en respectant les opinions des autres.";"Respect, écoute et professionnalisme";"Oral : posture professionnelle";"Consignes de posture, écoute et reformulation préparées.";"02_Bloc_2_Architecture/ : Preparation_orale_Bloc2.md ; Plan p. 16";"Aucune prestation ou répétition humaine observée.";"S01 / Bloc 2!A25";"C02 p. 23 ; S02 oral 5 min";"";"Oral"
"B2-4.6";"Prévu";"P1";"Choisir des extraits lisibles et chronométrer une répétition.";"4.6 - Le candidat utilise efficacement des supports visuels pour aider à expliquer la solution d'IA. Ces supports sont clairs, bien organisés et ajoutent de la valeur à la présentation.";"Visuels utiles, clairs et organisés";"Oral : supports";"Diagrammes du raccordement entre le programme développé dans le bloc 3 et B2, schémas de révisions, tableau de charges et capture de raccordement ; deux vidéos locales complémentaires.";"Plan p. 3, 4, 5, 11, 18 ; Preparation_orale_Bloc2.md ; Demonstration_raccordement_Observatoire.mp4";"Supports préparés ; utilisation réelle devant jury non observée.";"S01 / Bloc 2!A26";"C02 p. 23 ; S02 oral 5 min";"";"Oral"
"B2-4.7";"Prévu";"P1";"Chronométrer une répétition réelle et noter sa durée.";"4.7 - Le candidat respecte le temps imparti pour la présentation, couvrant tous les points importants sans se précipiter ou dépasser le temps alloué.";"Temps, couverture et rythme";"Oral : durée";"Trame minutée : 300 secondes prévues.";"02_Bloc_2_Architecture/ : Preparation_orale_Bloc2.md ; Plan p. 16";"Aucune prestation ou répétition humaine observée.";"S01 / Bloc 2!A27";"C02 p. 23 ; S02 oral 5 min";"";"Oral"
"B2-5.1";"Implémenté";"P1";"Expliquer responsabilités et ordre des écritures.";"5.1 - Le code est-il écrit de manière claire et compréhensible, en utilisant des noms de variables, des fonctions et des classes significatifs ?";"Noms significatifs et code compréhensible";"Code d’infrastructure et ingestion";"Modules storage, ingest, cli, api ; migration additive et conservation des révisions dans des fonctions identifiées.";"app/osint/ingest.py ; app/osint/api.py ; sql/02_revisions.sql ; README.md";"Maîtrise personnelle non observée ; clarté du code distincte du succès fonctionnel.";"S01 / Bloc 2!A28";"C02 p. 14-17, 20, 23";"";"Livrable"
"B2-5.2";"Implémenté";"P1";"Défendre les archives, les autorités et la reprise sans transaction distribuée.";"5.2 - Le candidat utilise-t-il des commentaires pour expliquer les parties complexes du code ou les choix de conception importants ?";"Commentaires des parties complexes et des choix";"Commentaires et choix";"Commentaires et fiche sur ordre Mongo/SQL, archives AES-GCM, migration, reprise et limites du CSRF et des sauvegardes.";"app/osint/ingest.py ; scripts/backup_restore.py ; docs/Collecte_stockages_securite.md";"Commentaires et documentation ne prouvent pas une compréhension personnelle.";"S01 / Bloc 2!A29";"C02 p. 14-17, 20, 23";"";"Livrable"
"B2-5.3";"Implémenté";"P1";"Conserver la version publiée et revérifier l’accès après toute modification.";"5.3 - Le code est-il bien organisé, avec une structure claire et logique (par exemple, le code est-il correctement divisé en fonctions et/ou classes, les fichiers et dossiers sont-ils nommés de manière significative et organisés de manière logique) ?";"Organisation logique, modules et fichiers";"Organisation du code";"App, schémas, scripts, tests, docs et preuves séparés ; archive B2 actualisée et copie locale de remise synchronisée.";"README.md ; Code_OSINT_Bloc2.zip ; Code_OSINT_Bloc2_Collecte_TASS.zip ; Preuves/Publication_Bloc2.json";"Installation complète sur un deuxième poste non attestée ; publication et accès anonyme contrôlés séparément de l’exécution.";"S01 / Bloc 2!A30";"C02 p. 14-17, 20, 23";"";"Livrable"
"B2-5.4";"Testé";"P1";"Rejouer le contrôle de style après toute modification du code.";"5.4 - Le code respecte-t-il les conventions de codage standard pour le langage de programmation utilisé (par exemple, PEP 8 pour Python) ?";"Conventions du langage";"Conventions de code";"Formatage et contrôles Ruff exécutés sur app, scripts et tests.";"02_Bloc_2_Architecture/ : Preuves/lint.log ; requirements-dev.txt";"Un contrôle de style ne remplace pas les essais fonctionnels.";"S01 / Bloc 2!A31";"C02 p. 14-17, 20, 23";"";"Livrable"
"B2-5.5";"Testé";"P1";"Relire le mode opératoire et vérifier l’installation sur le poste retenu.";"5.5 - Le code est-il accompagné d'une documentation appropriée, expliquant comment utiliser et maintenir le code ?";"Documentation d’utilisation et de maintenance";"Utilisation et maintenance";"Plan V1.2 autonome, README, schémas, correspondance ANSSI, cartographie, UTC, reprise, oral et vidéos. Preuves récentes de chiffrement et restauration intégrées.";"Plan_infrastructure_OSINT.pdf ; README.md ; docs/Collecte_stockages_securite.md ; docs/Correspondance_ANSSI_Bloc2.md ; Preuves/Validation_bloc2.json";"Deuxième poste non testé ; corpus, volume chiffré et secrets à préparer séparément.";"S01 / Bloc 2!A32";"C02 p. 14-17, 20, 23";"";"Livrable"
"B2-5.6";"Testé";"P1";"Rejouer les scénarios affectés après changement fonctionnel.";"5.6 - Le code inclut-il une gestion appropriée des erreurs et des exceptions ?";"Gestion des erreurs et exceptions";"Gestion des erreurs";"Erreurs SQL/Mongo testées ; reprise B2 contrôlée ; import depuis le programme développé dans le bloc 3 signale migration ou bases indisponibles. Révisions, dates et exclusions testées sur fixture.";"Preuves/Integration_collecte_TASS.json ; Preuves/Revisions_collecte_TASS.json ; Preuves/lifecycle.json ; Preuves/Raccordement_Observatoire.json";"Aucun nouveau kill brutal au milieu d’une écriture distribuée. Reprise de worker du programme développé dans le bloc 3 distincte de transaction SQL/Mongo.";"S01 / Bloc 2!A33";"C02 p. 14-17, 20, 23";"";"Livrable"
